A0001,6238 DE LONGPRE AVE,Los Angeles,CA,90028
A0002,1031-1035 CLINTON ST,Hoboken,NJ,
A0003,876-878 S 14TH ST,Newark,NJ,
A0004,10050 MOUNTAIR AVE,Los Angeles,CA,91042
A0005,1609 ADDISON ST,Berkeley,CA,94703
A0006,69-71 WESTLAND AV,Boston,MA,02115
A0007,4257 SAN PEDRO PL,Los Angeles,CA,90011
A0008,1065 SUMMIT AVENUE,Jersey City,NJ,
A0009,322-322.5 Western Ave,Cambridge,MA,
A0010,134 Oxford St,Cambridge,MA,
A0011,834-836 RAYMOND BLVD,Newark,NJ,
A0012,1064 SUMMIT AVE.,Jersey City,NJ,
A0013,137 N 11TH ST,Newark,NJ,
A0014,5907 CAHUENGA BLVD,Los Angeles,CA,91601
A0015,15 Everett St,Cambridge,MA,
A0016,3515 FILLMORE ST,San Francisco,CA,
A0017,225 DUNCAN AVE.,Jersey City,NJ,
A0018,1906 BONITA AVE,Berkeley,CA,94704
A0019,3820 HAINES ST,San Diego,CA,92109
A0020,646-648 N 6TH ST,Newark,NJ,
A0021,22 PRECITA AV,San Francisco,CA,
A0022,10908 HARTSOOK ST,Los Angeles,CA,91601
A0023,843 IROLO ST,Los Angeles,CA,90005
A0024,227 Charles St,Cambridge,MA,
A0025,2341 8TH ST,Berkeley,CA,94710
A0026,59 OAK ST.,Jersey City,NJ,
A0027,3918 FULTON ST,San Francisco,CA,
A0028,585 5TH ST,Newark,NJ,
A0029,280-284 VERONA AVE,Newark,NJ,
A0030,2051 DIVISADERO ST,San Francisco,CA,
A0031,5624 S SAN PEDRO ST,Los Angeles,CA,90011
A0032,63 OAK ST.,Jersey City,NJ,
A0033,1260 KEARNY ST,San Francisco,CA,
A0034,25 Gore St,Cambridge,MA,
A0035,5239 HARMONY AVE,Los Angeles,CA,91601
A0036,33 WARD ST,South Boston,MA,02127
A0037,770 IROLO ST,Los Angeles,CA,90005
A0038,154 YUKON ST,San Francisco,CA,
A0039,1 Craigie St,Cambridge,MA,
A0040,69-75 JACKSON ST,Hoboken,NJ,
A0041,122 TIFFANY AV,San Francisco,CA,
A0042,320 FORREST ST.,Jersey City,NJ,
A0043,4 Orchard St,Cambridge,MA,
A0044,773-775 SANDFORD AVE,Newark,NJ,
A0045,12829 BRANFORD ST,Los Angeles,CA,91331
A0046,8-12 Soden St,Cambridge,MA,
A0047,14 RUTGERS AVE.,Jersey City,NJ,
A0048,1619 COMMONWEALTH AV,Brighton,MA,02135
A0049,721 CLINTON ST,Hoboken,NJ,
A0050,36 HOFF ST,San Francisco,CA,
A0051,65 OAKLAND AVE.,Jersey City,NJ,
A0052,88 Gardner ST,Allston,MA,02134
A0053,32 Garrison ST,Boston,MA,02116
A0054,13 Shetland ST,Roxbury,MA,02119
A0055,305 10TH AV,San Francisco,CA,
A0056,41-43 Edgerly RD,Boston,MA,02115
A0057,57 STONE ST,Newark,NJ,
A0058,3137 BOSTON AVE,San Diego,CA,92113
A0059,84-86 WALNUT ST,Newark,NJ,
A0060,5737 WILLOWCREST AVE,Los Angeles,CA,91601
A0061,106 18TH AV,San Francisco,CA,
A0062,77 HOFF ST,San Francisco,CA,
A0063,11 Cortes ST,Boston,MA,02116
A0064,24-26 Concord Ave,Cambridge,MA,
A0065,63 Bailey ST,Dorchester,MA,02124
A0066,1318 N ORANGE DR,Los Angeles,CA,90028
A0067,1335 N VISTA ST,Los Angeles,CA,90046
A0068,40-42 Clearway ST,Boston,MA,02115
A0069,2277 UNION ST,San Francisco,CA,
A0070,43 Fayette St,Cambridge,MA,
A0071,14.5-16 Vandine St,Cambridge,MA,
A0072,1251 10TH AV,San Francisco,CA,
A0073,35-37 Inman St,Cambridge,MA,
A0074,717 S BERENDO ST,Los Angeles,CA,90005
A0075,27 Everett St,Cambridge,MA,
A0076,304 E KINNEY ST,Newark,NJ,
A0077,91 Brookline St,Cambridge,MA,
A0078,115 BAYVIEW AVE.,Jersey City,NJ,
A0079,2361 PORTLAND ST,Los Angeles,CA,90007
A0080,690 S CATALINA ST,Los Angeles,CA,90005
A0081,145 TAYLOR ST,San Francisco,CA,
A0082,63 Inman St,Cambridge,MA,
A0083,38 KENILWORTH ST,Roxbury,MA,02119
A0084,1725 CHESTNUT ST,San Francisco,CA,
A0085,1101 CHURCH ST,San Francisco,CA,
A0086,67 Plymouth St,Cambridge,MA,
A0087,323 BLOOMFIELD ST,Hoboken,NJ,
A0088,201 CLEMENT ST,San Francisco,CA,
A0089,935 PARK AVE,Hoboken,NJ,
A0090,30 JACKSON ST,Newark,NJ,
A0091,2229 DWIGHT WAY,Berkeley,CA,94704
A0092,2514 PIEDMONT AVE,Berkeley,CA,94704
A0093,90 BICKFORD ST,Jamaica Plain,MA,02130
A0094,1371 27TH ST,San Diego,CA,92154
A0095,23 Elm St,Cambridge,MA,
A0096,81 WESTLAND AV,Boston,MA,02115
A0097,1560 MASON ST,San Francisco,CA,
A0098,WILLOWWOOD ST,Dorchester,MA,02124
A0099,822 WASHINGTON ST,Hoboken,NJ,
A0100,4732 BANCROFT ST,San Diego,CA,92116
A0101,315-319 FAIRMOUNT AVENUE,Jersey City,NJ,
A0102,124 BLOOMFIELD ST,Hoboken,NJ,
A0103,2161 ALLSTON WAY,Berkeley,CA,94704
A0104,409 5TH ST,Newark,NJ,
A0105,140 PORTOLA DR,San Francisco,CA,
A0106,250 FREMONT ST,San Francisco,CA,
A0107,10635 SHERMAN GROVE AVE,Los Angeles,CA,91040
A0108,13 JEFFERSON AVE.,Jersey City,NJ,
A0109,2922 OTIS ST,Berkeley,CA,94703
A0110,130-132 2ND AVE,Newark,NJ,
A0111,10075 TUJUNGA CANYON BLVD,Los Angeles,CA,91042
A0112,448 BRODERICK ST,San Francisco,CA,
A0113,3151 ETON AVE,Berkeley,CA,94705
A0114,3743 INDIA ST,San Diego,CA,92103
A0115,397 05TH AV,San Francisco,CA,
A0116,36 PROSPECT ST.,Jersey City,NJ,
A0117,1733 N CHEROKEE AVE,Los Angeles,CA,90028
A0118,18-34 KINGBIRD RD,Dorchester,MA,02124
A0119,607 ADAMS ST,Hoboken,NJ,
A0120,139 ELM ST,Newark,NJ,
A0121,4079 FRONT ST,San Diego,CA,92103
A0122,4812 S BROADWAY,Los Angeles,CA,90037
A0123,123 Condor ST,East Boston,MA,02128
A0124,33-35 Brookline St,Cambridge,MA,
A0125,227 GRAND ST,Hoboken,NJ,
A0126,1350 POTRERO AV,San Francisco,CA,
A0127,10029 SEPULVEDA BLVD,Los Angeles,CA,91345
A0128,Harvard ST,Dorchester,MA,02124
A0129,526-532 MULBERRY ST,Newark,NJ,
A0130,554 MARKET ST,Newark,NJ,
A0131,43 POPLAR ST.,Jersey City,NJ,
A0132,587 N 6TH ST,Newark,NJ,
A0133,8819 LANKERSHIM BLVD,Los Angeles,CA,91352
A0134,101 Norfolk ST,Dorchester,MA,02124
A0135,843 CLAY ST,San Francisco,CA,
A0136,920 HUDSON ST,Hoboken,NJ,
A0137,65-71 NORFLOK ST,Newark,NJ,
A0138,1033 E 51ST ST,Los Angeles,CA,90011
A0139,54 STUYVESANT AVE.,Jersey City,NJ,
A0140,459 BEACON ST,Boston,MA,02115
A0141,2601 43RD AV,San Francisco,CA,
A0142,4615 AVALON BLVD,Los Angeles,CA,90011
A0143,75 ELM HILL AV,Dorchester,MA,02121
A0144,112-114 Amory ST,Roxbury,MA,02119
A0145,4515 FELTON ST,San Diego,CA,92116
A0146,93-95 HAWKINS ST,Newark,NJ,
A0147,2850 GOLDEN GATE AV,San Francisco,CA,
A0148,162-166 5TH ST,Newark,NJ,
A0149,25 Everett ST,East Boston,MA,02128
A0150,3784 E BROADWAY,San Diego,CA,92102
A0151,16 Queensberry ST,Boston,MA,02215
A0152,1669 SUNSET CLIFFS BLVD,San Diego,CA,92107
A0153,366 E 55TH ST,Los Angeles,CA,90011
A0154,4568 IDAHO ST,San Diego,CA,92116
A0155,473 Harvard ST,Dorchester,MA,02124
A0156,290 GREEN ST,San Francisco,CA,
A0157,2701 RIDGE RD,Berkeley,CA,94709
A0158,2522 HILGARD AVE,Berkeley,CA,94709
A0159,104 SUNSET AVE,Newark,NJ,
A0160,86 CHARLES ST.,Jersey City,NJ,
A0161,317 UNION ST.,Jersey City,NJ,
A0162,1640 N POINSETTIA PL,Los Angeles,CA,90046
A0163,233-235 SECOND ST.,Jersey City,NJ,
A0164,725 14TH ST,San Francisco,CA,
A0165,734 JAMAICA CT,San Diego,CA,92109
A0166,1 Potter Pk,Cambridge,MA,
A0167,4616 FLORIDA ST,San Diego,CA,92116
A0168,600 JACKSON/601 HARRISON,Hoboken,NJ,
A0169,115 KILSYTH RD,Brighton,MA,02135
A0170,8917 CEDROS AVE,Los Angeles,CA,91402
A0171,127 OGDEN AVE.,Jersey City,NJ,
A0172,8504 WILLIS AVE,Los Angeles,CA,91402
A0173,13180 FOOTHILL BLVD,Los Angeles,CA,91342
A0174,84 Hampshire St,Cambridge,MA,
A0175,10 Dover St,Cambridge,MA,
A0176,15 Chester St,Cambridge,MA,
A0177,166 HIGHLAND AVE.,Jersey City,NJ,
A0178,5308 RIVERTON AVE,Los Angeles,CA,91601
A0179,7006 LANEWOOD AVE,Los Angeles,CA,90028
A0180,845 S KINGSLEY DR,Los Angeles,CA,90005
A0181,931 GARDEN ST,Hoboken,NJ,
A0182,911-923 CLINTON ST,Hoboken,NJ,
A0183,2427 HILGARD AVE,Berkeley,CA,94709
A0184,156 W 32ND ST,Los Angeles,CA,90007
A0185,154 TERHUNE AVE.,Jersey City,NJ,
A0186,107 BEACON AVE.,Jersey City,NJ,
A0187,146 CARLTON AVE.,Jersey City,NJ,
A0188,2819 MCGEE AVE,Berkeley,CA,94703
A0189,1811 CARLETON ST,Berkeley,CA,94703
A0190,283 ADAMS ST,Newark,NJ,
A0191,60 Kirkland St,Cambridge,MA,
A0192,780 POST ST,San Francisco,CA,
A0193,1626 BONITA AVE,Berkeley,CA,94709
A0194,72 Burbank ST,Boston,MA,02115
A0195,1850-1848 COMMONWEALTH AV,Brighton,MA,02135
A0196,16915 BLACKHAWK ST,Los Angeles,CA,91344
A0197,1611 62ND ST,Berkeley,CA,94703
A0198,194 Havre ST,East Boston,MA,02128
A0199,42 Bay State Rd,Cambridge,MA,
A0200,1853 N HIGHLAND AVE,Los Angeles,CA,90028
A0201,2737 BENVENUE AVE,Berkeley,CA,94705
A0202,1446 JACKSON ST,San Francisco,CA,
A0203,2986-2930 Washington ST,Roxbury,MA,02119
A0204,202-208 6TH AVE W,Newark,NJ,
A0205,2425 GRANT ST,Berkeley,CA,94703
A0206,401 43RD AV,San Francisco,CA,
A0207,705 W 23RD ST,Los Angeles,CA,90007
A0208,126 ADAMS ST,Hoboken,NJ,
A0209,19 Trowbridge St,Cambridge,MA,
A0210,1432 N CURSON AVE,Los Angeles,CA,90046
A0211,499 BEACON ST,Boston,MA,02215
A0212,1311 SOUTH VAN NESS AV,San Francisco,CA,
A0213,11649 ACAMA ST,Los Angeles,CA,91604
A0214,358 Harvard St,Cambridge,MA,
A0215,2295 CALIFORNIA ST,San Francisco,CA,
A0216,2309 HASTE ST,Berkeley,CA,94704
A0217,170-172 Maverick ST,East Boston,MA,02128
A0218,15 Richdale Ave,Cambridge,MA,
A0219,3735 32ND ST,San Diego,CA,92104
A0220,21-23 Faulkner ST,Dorchester,MA,02122
A0221,191 Park DR,Boston,MA,02215
A0222,1901 VALLEJO ST,San Francisco,CA,
A0223,504 COURT ST,Hoboken,NJ,
A0224,8727 TOBIAS AVE,Los Angeles,CA,91402
A0225,1627 JACKSON ST,San Francisco,CA,
A0226,663 MASSACHUSETTS AV,Boston,MA,02118
A0227,1401 HUDSON ST,Hoboken,NJ,
A0228,225 COLLINGWOOD ST,San Francisco,CA,
A0229,5164 03RD ST,San Francisco,CA,
A0230,85 Hancock St,Cambridge,MA,
A0231,521 ARGUELLO BL,San Francisco,CA,
A0232,189 Third St,Cambridge,MA,
A0233,30 MEDFIELD ST,Boston,MA,02215
A0234,2212 BLAKE ST,Berkeley,CA,94704
A0235,6736 SELMA AVE,Los Angeles,CA,90028
A0236,1110 JACKSON ST,San Francisco,CA,
A0237,36 VALLEY ST,San Francisco,CA,
A0238,15256 ACRE ST,Los Angeles,CA,91343
A0239,1476 UNIVERSITY AVE,Berkeley,CA,94702
A0240,4135 38TH ST,San Diego,CA,92105
A0241,913 GARDEN ST,Hoboken,NJ,
A0242,85-87 SIERRA RD,Hyde Park,MA,02136
A0243,664 OCEAN AVE.,Jersey City,NJ,
A0244,1126 HUDSON ST,Hoboken,NJ,
A0245,30 WEST HOWELL ST M-D,Dorchester,MA,02125
A0246,4386 COPELAND AVE,San Diego,CA,92105
A0247,4957 CAPE MAY AVE,San Diego,CA,92107
A0248,941 S KENMORE AVE,Los Angeles,CA,90006
A0249,498-500 HAWTHORNE AVE,Newark,NJ,
A0250,211 BALDWIN AVE.,Jersey City,NJ,
A0251,4663 33RD ST,San Diego,CA,92116
A0252,15514 CHASE ST,Los Angeles,CA,91343
A0253,2250 NORTH POINT ST,San Francisco,CA,
A0254,805 WASHINGTON ST,Hoboken,NJ,
A0255,851 E 51ST ST,Los Angeles,CA,90011
A0256,327 JACKSON ST,Hoboken,NJ,
A0257,5 COMMER CT,San Francisco,CA,
A0258,471 COLUMBIA RD,Dorchester,MA,02125
A0259,872 NORTH POINT ST,San Francisco,CA,
A0260,2479 LE CONTE AVE,Berkeley,CA,94709
A0261,525 ADAMS ST,Hoboken,NJ,
A0262,2924 E JUNIPER ST,San Diego,CA,92104
A0263,1636 M L KING JR WAY,Berkeley,CA,94709
A0264,583-589 ELIZABETH AVE,Newark,NJ,
A0265,102 BALDWIN AVE.,Jersey City,NJ,
A0266,52 BRIGHT ST.,Jersey City,NJ,
A0267,1314 N VAN NESS AVE,Los Angeles,CA,90028
A0268,1848 FRANKLIN ST,San Francisco,CA,
A0269,1015 CLINTON ST,Hoboken,NJ,
A0270,29 CONCORD ST,Jersey City,NJ,
A0271,4115 LINCOLN WY,San Francisco,CA,
A0272,5 Everett St,Cambridge,MA,
A0273,3911 CENTRE ST,San Diego,CA,92103
A0274,7072 EASTMAN ST,San Diego,CA,92111
A0275,4091 MORRELL ST,San Diego,CA,92109
A0276,4361 ILLINOIS ST,San Diego,CA,92104
A0277,2736 GRANT ST,Berkeley,CA,94703
A0278,1800 FRANKLIN ST,San Francisco,CA,
A0279,90 KENSINGTON AVE.,Jersey City,NJ,
A0280,1215 11TH AV,San Francisco,CA,
A0281,1725 N GOWER ST,Los Angeles,CA,90028
A0282,2240 10TH ST,Berkeley,CA,94710
A0283,90 BARTLETT ST,San Francisco,CA,
A0284,345 Columbia St,Cambridge,MA,
A0285,5255 HARMONY AVE,Los Angeles,CA,91601
A0286,27 Irving Ter,Cambridge,MA,
A0287,404 GRAND ST,Hoboken,NJ,
A0288,75 CLENDENNY AVE.,Jersey City,NJ,
A0289,1741 M L KING JR WAY,Berkeley,CA,94709
A0290,21 Forest St,Cambridge,MA,
A0291,165 Cambridgepark Dr,Cambridge,MA,
A0292,24 Berkshire St,Cambridge,MA,
A0293,1314 NATOMA ST,San Francisco,CA,
A0294,178 Richdale Ave,Cambridge,MA,
A0295,Harvard ST LOT 2A-13,Dorchester,MA,02124
A0296,83-85 MCWHORTER ST,Newark,NJ,
A0297,211-213 SUMMER AVE,Newark,NJ,
A0298,361 Washington St,Cambridge,MA,
A0299,1037 WASHINGTON ST,Hoboken,NJ,
A0300,36 Trowbridge St,Cambridge,MA,
A0301,165 Hampshire St,Cambridge,MA,
A0302,4-6 Clinton St,Cambridge,MA,
A0303,188 E 35TH ST,Los Angeles,CA,90011
A0304,4541 HAMILTON ST,San Diego,CA,92116
A0305,638 45TH AV,San Francisco,CA,
A0306,335A Harvard St,Cambridge,MA,
A0307,294-296 VAN BUREN ST,Newark,NJ,
A0308,1032 HUDSON ST,Hoboken,NJ,
A0309,1706 N STANLEY AVE,Los Angeles,CA,90046
A0310,53-55 Ashford ST,Allston,MA,02134
A0311,38-38- SOMME ST,Newark,NJ,
A0312,25 ORLANDO ST,Mattapan,MA,02126
A0313,317-319 W RUNYON ST,Newark,NJ,
A0314,6640 LELAND WAY,Los Angeles,CA,90028
A0315,5233 CARTWRIGHT AVE,Los Angeles,CA,91601
A0316,3978 FLORIDA ST,San Diego,CA,92104
A0317,2233 CHANNING WAY,Berkeley,CA,94704
A0318,2041 FRANCISCO ST,Berkeley,CA,94709
A0319,2315 GRANT ST,Berkeley,CA,94703
A0320,408 MADISON ST,Hoboken,NJ,
A0321,200 NUNDA AVE.,Jersey City,NJ,
A0322,227 CYPRESS DR,San Ysidro,CA,92173
A0323,4627 COMPTON AVE,Los Angeles,CA,90011
A0324,2003 FRANKLIN ST,San Francisco,CA,
A0325,38A GAUTIER AVE.,Jersey City,NJ,
A0326,46 JEFFERSON ST,Newark,NJ,
A0327,1605 N MARTEL AVE,Los Angeles,CA,90046
A0328,1845 08TH AV,San Francisco,CA,
A0329,51 MADISON ST,Newark,NJ,
A0330,5229 WILLOWCREST AVE,Los Angeles,CA,91601
A0331,342-344 IRVINE TURNER BLV,Newark,NJ,
A0332,26 SONOMA ST,Dorchester,MA,02121
A0333,3752 33RD ST,San Diego,CA,92104
A0334,2025 FRANCISCO ST,Berkeley,CA,94709
A0335,125 BEMIS ST,San Francisco,CA,
A0336,151 North First St,Cambridge,MA,
A0337,66 MONROE ST,Newark,NJ,
A0338,521-523 S 17TH,Newark,NJ,
A0339,124 Berkshire St,Cambridge,MA,
A0340,14735 ROSCOE BLVD,Los Angeles,CA,91402
A0341,4225 50TH ST,San Diego,CA,92115
A0342,49 Roseland St,Cambridge,MA,
A0343,408-410 5TH ST,Newark,NJ,
A0344,238 & 242 GARFIELD AVE.,Jersey City,NJ,
A0345,153 W VERNON AVE,Los Angeles,CA,90037
A0346,AUBURN DR,San Diego,CA,92105
A0347,2142 2ND AVE,San Diego,CA,92101
A0348,229 CLINTON ST,Hoboken,NJ,
A0349,2400 DANA ST,Berkeley,CA,94704
A0350,1051 WEST SIDE AVE.,Jersey City,NJ,
A0351,628 HYDE ST,San Francisco,CA,
A0352,40-42 MT PROSPECT AVE,Newark,NJ,
A0353,1044 E JEFFERSON BLVD,Los Angeles,CA,90011
A0354,73 LUBEC ST,East Boston,MA,02128
A0355,10701 AMESTOY AVE,Los Angeles,CA,91344
A0356,16 Brainerd RD,Allston,MA,02134
A0357,173 07TH ST,San Francisco,CA,
A0358,717 N 6TH ST,Newark,NJ,
A0359,925 PARK AVE,Hoboken,NJ,
A0360,140 NEW YORK AVE.,Jersey City,NJ,
A0361,15 Berkshire St,Cambridge,MA,
A0362,368 RIVERWAY ST,Boston,MA,02115
A0363,2451 SHATTUCK AVE,Berkeley,CA,94704
A0364,125 03RD AV,San Francisco,CA,
A0365,3940 IDAHO ST,San Diego,CA,92104
A0366,230 Everett ST,East Boston,MA,02128
A0367,219 S 35TH ST,San Diego,CA,92113
A0368,1430 FRANCISCO ST,San Francisco,CA,
A0369,3260 CALIFORNIA ST,Berkeley,CA,94703
A0370,2222 TOBERMAN ST,Los Angeles,CA,90007
A0371,76-80 BRUEN ST,Newark,NJ,
A0372,314 SEVENTH ST.,Jersey City,NJ,
A0373,1315 SPRUCE ST,Berkeley,CA,94709
A0374,686 S ARDMORE AVE,Los Angeles,CA,90005
A0375,1880 FULTON ST,San Francisco,CA,
A0376,ST JAMES ST,Roxbury,MA,02119
A0377,206 BLOOMFIELD ST,Hoboken,NJ,
A0378,4053 IDAHO ST,San Diego,CA,92104
A0379,1336 BRUNNER ST,San Diego,CA,92110
A0380,GREENVILLE ST,Roxbury,MA,02119
A0381,521-523 MARKET ST,Newark,NJ,
A0382,119 DAY ST,San Francisco,CA,
A0383,1908 CALIFORNIA ST,Berkeley,CA,94703
A0384,21 GUERRERO ST,San Francisco,CA,
A0385,1059 UNION ST,San Francisco,CA,
A0386,3654 ARIZONA ST,San Diego,CA,92104
A0387,10303 CAMINITO ALVAREZ,San Diego,CA,92126
A0388,157-155 CLERK ST.,Jersey City,NJ,
A0389,923 GARDEN ST,Hoboken,NJ,
A0390,70 DARCY ST,Newark,NJ,
A0391,265 22ND ST,San Diego,CA,92102
A0392,4545 N 39TH ST,San Diego,CA,92116
A0393,91 JORDAN AVE.,Jersey City,NJ,
A0394,45 RAVINE AVE.,Jersey City,NJ,
A0395,1632 RUSSELL ST,Berkeley,CA,94703
A0396,3244 CLAIREMONT DR,San Diego,CA,92117
A0397,1677 BUSH ST,San Francisco,CA,
A0398,890 GREEN ST,San Francisco,CA,
A0399,227 WILLOW AVE,Hoboken,NJ,
A0400,174 MT PROSPECT AVE,Newark,NJ,
A0401,257 14TH ST,San Francisco,CA,
A0402,2914 LARKIN ST,San Francisco,CA,
A0403,45 Myrtle ST,Boston,MA,02114
A0404,240 BOWERS ST.,Jersey City,NJ,
A0405,10214 FERNGLEN AVE,Los Angeles,CA,91042
A0406,170 W Springfield ST,Boston,MA,02118
A0407,4188 GREENBUSH AVE,Los Angeles,CA,91423
A0408,14375 POLK ST,Los Angeles,CA,91342
A0409,4428 GRESHAM ST,San Diego,CA,92109
A0410,319 SUMMIT AVE.,Jersey City,NJ,
A0411,1833 BERKELEY WAY,Berkeley,CA,94703
A0412,229-231 GRAFTON AVE,Newark,NJ,
A0413,2209 GRAND AVE,San Diego,CA,92109
A0414,1987 CALIFORNIA ST,San Francisco,CA,
A0415,95 WAYNE ST.,Jersey City,NJ,
A0416,882 PAVONIA AVE.,Jersey City,NJ,
A0417,4957 CAHUENGA BLVD,Los Angeles,CA,91601
A0418,221 SIP AVE.,Jersey City,NJ,
A0419,1538 HENRY ST,Berkeley,CA,94709
A0420,4419 CLEVELAND AVE,San Diego,CA,92116
A0421,17106 CHATSWORTH ST   APT 0001,Los Angeles,CA,91344
A0422,21-23 Marion St,Cambridge,MA,
A0423,10 CAMELOT CT,Brighton,MA,02135
A0424,208 JEFFERSON ST,Hoboken,NJ,
A0425,650 POST ST,San Francisco,CA,
A0426,1307 COLUSA ST,San Diego,CA,92110
A0427,7665 FOUNTAIN AVE,Los Angeles,CA,90046
A0428,312-314 MT PROSPECT AVE,Newark,NJ,
A0429,12 BLACKWOOD ST,Boston,MA,02115
A0430,1950 ADDISON ST,Berkeley,CA,94704
A0431,245 EUCLID AVE,San Diego,CA,92114
A0432,14605 RAYEN ST,Los Angeles,CA,91402
A0433,720 W 27TH ST,Los Angeles,CA,90007
A0434,1225 HYDE ST,San Francisco,CA,
A0435,310 MONROE ST,Hoboken,NJ,
A0436,832 WILLOW AVE,Hoboken,NJ,
A0437,2969 SAN MARINO ST,Los Angeles,CA,90006
A0438,60-62 CAMBRIDGE AVE,Jersey City,NJ,
A0439,225 25TH AV,San Francisco,CA,
A0440,4042 FULTON ST,San Francisco,CA,
A0441,4017 ILLINOIS ST,San Diego,CA,92104
A0442,7014 LANEWOOD AVE,Los Angeles,CA,90028
A0443,3526 FAIRMOUNT AVE,San Diego,CA,92105
A0444,231 COMMONWEALTH AV,Boston,MA,02116
A0445,8790 VAN NUYS BLVD,Los Angeles,CA,91402
A0446,610 COLUMBUS AV,Boston,MA,02118
A0447,208 CLINTON ST,Hoboken,NJ,
A0448,151-153 LAFAYETTE ST,Newark,NJ,
A0449,338 CLINTON PL,Newark,NJ,
A0450,94 NEPTUNE AVE.,Jersey City,NJ,
A0451,7300 VALMONT ST,Los Angeles,CA,91042
A0452,1310 N LAS PALMAS AVE,Los Angeles,CA,90028
A0453,11 Carlisle St,Cambridge,MA,
A0454,8944 COLUMBUS AVE,Los Angeles,CA,91343
A0455,78 STEVENS AVE.,Jersey City,NJ,
A0456,2151 CHATSWORTH BLVD,San Diego,CA,92107
A0457,1856 GREEN ST,San Francisco,CA,
A0458,1670 E 48TH PL,Los Angeles,CA,90011
A0459,202 SOUTH ST.,Jersey City,NJ,
A0460,223-229 SHEPHARD AVE,Newark,NJ,
A0461,735 11TH AV,San Francisco,CA,
A0462,128 ST. PAULS AVE.,Jersey City,NJ,
A0463,4 BEECHWOOD ST,Dorchester,MA,02121
A0464,2-98 DABNEY ST,Roxbury,MA,02119
A0465,141 Oxford St,Cambridge,MA,
A0466,115 NORWAY ST,Boston,MA,02115
A0467,24 ST ALBANS RD,Boston,MA,02115
A0468,13 Shepard St,Cambridge,MA,
A0469,2701 SHATTUCK AVE,Berkeley,CA,94705
A0470,1919 CURTIS ST,Berkeley,CA,94702
A0471,332-334 GARDEN ST,Hoboken,NJ,
A0472,321 WILLOW AVE,Hoboken,NJ,
A0473,20 Phillips ST,Boston,MA,02114
A0474,3438 MCKINLEY AVE,Los Angeles,CA,90011
A0475,361 FIRST ST,Hoboken,NJ,
A0476,26-28 COTTAGE ST,Newark,NJ,
A0477,2250 MISSION ST,San Francisco,CA,
A0478,3860 CHEROKEE AVE,San Diego,CA,92104
A0479,12948 MOORPARK ST,Los Angeles,CA,91604
A0480,4046 N 43RD ST,San Diego,CA,92105
A0481,536 LEAVENWORTH ST,San Francisco,CA,
A0482,101 CLIFTON PL.,Jersey City,NJ,
A0483,1580 MARKET ST,San Francisco,CA,
A0484,1801 08TH AV,San Francisco,CA,
A0485,296-302 Western Ave,Cambridge,MA,
A0486,2280 MISSION ST,San Francisco,CA,
A0487,2118 FILLMORE ST,San Francisco,CA,
A0488,197 BEACON ST,Boston,MA,02116
A0489,204 GRAND ST,Hoboken,NJ,
A0490,526 ADAMS ST,Hoboken,NJ,
A0491,37 IRVING ST,Newark,NJ,
A0492,800 S HARVARD BLVD,Los Angeles,CA,90005
A0493,4450 GEARY BL,San Francisco,CA,
A0494,2641 FRANKLIN ST,San Francisco,CA,
A0495,230 VAN HORNE ST.,Jersey City,NJ,
A0496,512 32ND ST,San Diego,CA,92102
A0497,3750 29TH ST,San Diego,CA,92104
A0498,684-686 SUMMER AVE,Newark,NJ,
A0499,8519 WILLIS AVE,Los Angeles,CA,91402
A0500,8811 BURNET AVE,Los Angeles,CA,91343
